name,score,weight
集群存储数据总量,0.118191851335973272,1
每TiKV平均存储数据量,0.218714237674040044,1
Region 总量,0.31799443035467269,1
Leader 总量,0.41799434998108158,1
GC Life Time,610.0,1
