name,score,weight,target_score,distance
GC Life Time,600.0,1,610.0,1.0
Leader 总量,0.0179943499810815,1,0.4179943499810815,0.39999999999999997
Region 总量,0.0179944303546726,1,0.3179944303546726,0.30000000000000004
每TiKV平均存储数据量,0.01871423767404,1,0.21871423767404,0.2
集群存储数据总量,0.0181918513359732,1,0.1181918513359732,0.09999999999999999
