name,score,weight
集群存储数据总量,0.018191851335973272,1
每TiKV平均存储数据量,0.018714237674040044,1
Region 总量,0.01799443035467269,1
Leader 总量,0.01799434998108158,1
GC Life Time,600.0,1
